name	prefix	repeat	suffix
HMNR7	GCGTGGGCGTGGCCTCGGCGTGGGTGTGGCCGCTCGGGGAGGGGCCTCCCGGGGGCGGGGCCGGCCTGGTCCGCGCGGTGACGCGCCCTGCAGCCCCGAGCGAGCGAGCGAGCGAGCGAGTTGCCGAGCGCGCCCCGTCCCTCGCGCGCGATGCTCCCCTGGACGGCGCTCGGCCTGGCCCTGAGCTTGCGGCTGGCGCT	GGCGCGGAGC	GCGGTGAGTGCGGCGGGCGGCCGGGCCGGGGCTGGGGCTTCTGGTGACCGCTCTGCGCCGCTGCCCGCGCAAGGCCGTCGCTGTCCCCTGCTCCGGACGGGCGGGCGGGCTGGGAGGCTGCGGGAGCCGGGCGGGGGCGCGGGCGGAGCGTCCTGCTCACCTGAGGCTGGCGGCCCAGGTGCTCCAGGCGACACCGTCCG
SCA37	TTAACCTCCATGCTGTTCTGAATATCTCTTAGCAAAGCTGGAAAGAATGAAGCCCAGGAATGTAAACTGACTATATAAATCACACAAGGCCAGGCACAGTGGCTCACACCTATAATCCCGACACTTTGGGAGGCAGAGGCAGGTGGACCACTTTAGCCCAGGAGTTCGAGACCAGCCTGGGCAACACAGTGAGACCCTGT	AAAAT	CATGGTGCCATACATCTGTAATCCTAGTTACCTGGGAGGCTGACTTGGGAGGACCACTTCAGCCAGGGAGGCTGAGGCTGCAGTAAGCTGTGATGGCACTACTGCACTTCAGCCTGGGTAAAAGAGCATGACCCTGTCTCAAAAAAAACAAAAAAAAGTCACACAAAATGGTACTCTGAAAAAAGTAAGAGTTCGGAAGT
NIID	CACCCGAGAAAGTTTCAGCCAAACTTCGGGCGGCGGCTGAGGCGGCGGCCGAGGAGCGGCGGACTCGGGGCGCGGGGAGTCGAGGCATTTGCGCCTGTGCTTCGGACCGTAGCGCCAGGGCCTGAGCCTTTGAAGCAGGAGGAGGGGAGGAGAGAGTGGGGCTCCTCTATCGGGACCCCCTCCCCATGTGGATCTGCCCA	CGG	ACCGAGAAGATGCCCGCCCTGCGCCGCTCTGCTGTGGGCGCTGCTGGCGCTCTGGCTGTGCTGCGCGACCCCCGCGCATGGTGAGTATCGGGCTGAGGGGCGCTGTCCGCGGCGCCCGGGGCTGCCACCTGGGGCGACCCTTCTCCCCCTCGGTCCTTCTCTGTGTGGGAAGGCCAGGCTCGGCCGCCGGCGCGGAGCGA
FAME2	ACCAGCCTAACCAACGTGGAGAAACCCTGTCTCTACTAAAAATACAAAATTAGCTGGGCACGGTGGCACATACCTGTAATCCCAGCTACTCGGGAGACTGAGGCAAGAGAATCGCTTGAACACGGGAGGCGGAGGTTGCAGGGAGCCAAGATCGTGCCATTGCACTCTAGCCTGGGCAACAAGAGCGAAACTCCGTCTCA	TAAAA	GCCAAGCACAACGGCTCACGCCTGTAATCCCAGACTTTGGGAGGCCGAGGTGGGCGGATCACCTGAGGTCAGGAGTTCGAGACCGGCCTGGGAAACATGGTGAAACTCCATCTCTACTAAAAATACAAAAATTAGCTGGGCATGGTGGTGGACGCCTGTAATCCCAGCTACTCGGGAGGCTGAGGCAGAAGAATCACTTG
FRA2A	ATTCCTGGAGCAGGGCTAAGTCGAAGCTGTCCATGGTGGGAGGTGTCAGCGTCGCCGCCGCCGCTACCGCCGCCGCCGAGGCTCGGGCCGCCCGCGCGCTGCAACGAAAGGCGCCGCTCAAGGTGCATCCCAGCCGCGCCAGAGCGGCCGCCGCCCGCCCACCGCCCACCCCCAGGTCGGGGCTCCCGACGCCCCCCGCC	CCG	CGGGAGGCGCGTGTGCGCGGGCGAGGCCGAGGCGCGCGCGCACCGTGAGCCCCGCGCCGCGCCCGCCCCGCGCGCCCCTGTACTCCCCGCGCCGCTCCTCGGGGTCCCGCGGCGCTCGCAGGCCGCGCCGCCCTGCCGCCCCTCTCTCGTGGCTTTTACGGCCCGCCCGCCCCTCAGCAGCCCTGGGGTGCCCGGGGCGG
SPD	GGGCCAGGGCCGGGGCCGGGCCAGGCCGGGCCATGAGCCGCGCCGGGAGCTGGGACATGGACGGGCTGCGGGCAGACGGCGGGGGCGCCGGTGGCGCCCCGGCCTCTTCCTCCTCCTCATCGGTGGCGGCGGCGGCGGCGTCAGGCCAGTGCCGCGGCTTTCTCTCCGCGCCTGTGTTCGCCGGGACGCATTCGGGGCGG	GGC	CTCCGGCTTTGCGTACCCCGGGACCTCTGAGCGCACGGGCTCTTCCTCGTCGTCGTCCTCTTCTGCCGTTGTAGCGGCGCGCCCGGAGGCTCCCCCAGCCAAAGAGTGCCCAGCACCCACGCCTGCAGCGGCCGCTGCAGCGCCCCCGAGCGCTCCAGCGCTGGGCTACGGCTACCACTTCGGCAACGGCTACTACAGCT
GAD	CCGCGCACCCAGAGCCGAGAGAAATTTGACTGCCCTAATCGCCAATCAAAAGAGAGGTCGAGGATTTGAGCCAATCGCAGCGGGCGAAAGGGGCGGGCCGTCGGCGAGCGCTGAAGGTCTCTAGCCCTCCCCTGCGCTTTAGCCTCAGTGCGGAGCCTTAGGCGGAGCGAAGAGAACCGGTCGCGGCAATCCTAGCGCGC	CAG	ACCCGCATCCGCTGCGGGAGTCCGAGCCGGAACCACACCCAAGTAGCTGCCCTTTCCTCTTCTGTCATCTCACCGCCCCACCACAGACCGCGTTCCCCGAGGAAACCGGCCGCCCACGCCCGGAGCATCCTCCCCTGTTGAGCGGGCGCTGACGGACCCGGCGGCATGATGCGGCTGCGAGGCTCGGGGATGCTGCGGGA
AD	GATCACTCGCGGTTAGGAGCTGGAGACCAGCCCGGCCAACACAGCGAAACCCCATCTCCACCAAAAAAAAAACGAAAACCAGTCAGGCGTGGCGGCGCGCGCCTGCAATCGCAGGCACTCGGCAGGCTGAGGCAGGAGAATCAGGCAGGGAGGTTGCAGTGAGCCGAGATGGCAGCAGTACCGTCCAGCTTTGGCTCGGC	GAGAGG	GTCAAATTCTTATCTATCAATGTTATGCCCACTGTGCTCTCCAGCTGTGGTCTGTGAATTACTGTGGTATAACGTGACTGTTCAAATTTCACTTTTCAGGGGCTTTGACCACGACCTTTGAAGAGCTTCATTTTGAGATCAAGCCCCACGATGACTGCACAGTAGAGCAAATCTATGAGATTTTGAAAATCTACCAACTC
SCA7	CCACCCGGTCCGCGGGCCGCGCACGCCGCCGGAACTCCCTGGCGCCTCCTTAAAAAACGGCCCCCGCGCGACTCTTTCCCCCTTTTTTTTGTTACATTGTAGGAGCGGAAAGAATGTCGGAGCGGGCCGCGGATGACGTCAGGGGGGAGCCGCGCCGCGCGGCGGCGGCGGCGGGCGGAGCAGCGGCCGCGGCCGCCCGG	CAG	CCGCCGCCTCCGCAGCCCCAGCGGCAGCAGCACCCGCCACCGCCGCCACGGCGCACACGGCCGGAGGACGGCGGGCCCGGCGCCGCCTCCACCTCGGCCGCCGCAATGGCGACGGTCGGGGAGCGCAGGCCTCTGCCCAGTCCTGAAGTGATGCTGGGACAGTCGTGGAATCTGTGGGTTGAGGCTTCCAAACTTCCTGG
DM2	TTGAGACCAGTCTGGCCAACATGGCGAAACCCCGTCTCTACTAAAAATACAAAAAACAGCCGGGCATGGCGGCATGCGCCTGTAATCCCAGCTACTCAGGAGGCTGAGGCAGAAGAATCGCTTGAACCCGGGGGGTGGAGGTTGCAGTGAGCCGAGATCATACCACTGCACTCCAGCCTAGGGGACAAAGTGAGACAGAC	CAGG	ACAGACAGACAGACAGACAGACAGACAGACAGACAGACACACACACACACACACACACACACACACACACACACTGGCAGTAATACTCATTCACTCATTCCAAGTCCAACTTAATGGACACATTTGCATGGTTATAAGGCCTATATAAGCTTTATTTTGGGCAAATAGAAGTCATTTATTTACTCACATCAAAAAATTGG
BPES	CGTGCAGATGGTGTGCGTGCGGATGCGGGTGGGGGTGCGGCGGAGGCGGGGGTGCGGCCGGCGGGCCTCCCAGGCCATTGTACGAGTTCACTACGCCGGGGGGCAGCGCCATGCTCTGCACGCGTGTGTACGGCCCGTACGAGGCGGCCGGGCCCGCCAGCCCCTTGACCACAGCGGCCGCGCCAGGGCTACCGGGGCCC	GCN	CATCTGGCAGGAGGCATAGGGCATGGGTGAGGGAGGCTGCGGTAGCGGCCACGAGTTGTTGAGGAAGCCAGACTGCAGGTACTTGGGGGGCGCCAGGTAGCCGTAGCCGTCGGCCCCGGCGCCCGCCACGCCGCACCCGCCTGCGGCGCCTCCGGCCCCGAAGAGCCCCTTGCCGGGCTGGAAGTGCGCGGGCGGCGGCC
FAME4	TCTGGCTAATTTTTGTATTTTTAGTAGAGATGGATTTTCACCATGTTGGCTAGGCTGGTCTCGAACTCCTGACCTCATGATCCGCCTACCTTGCCCTCCCAAAGTGCTGGGATTACAGGCATGAGCCACTGCACCCGGCCTAAATTGTTATTTTTGTTTTAACTTTGAGTGAATACAAAATGAGTATTTTTGAGTTAGCA	ATTTT	TTGAGACAGAGTCTCACCCTGTCTCCCAGGCTGGAGTGCAGTGGTACAATCTCGGCTCACTGCAACCTGCCTTCTGGGTTCAAGCGATTCTCATGCCTCAGCGTCCTGAGTAGCTGGGATTACTGGCATGAGCCACCATGCCCAGCTAATTTTTTTGTATTTTTAGTAGAGACGAGGTTTCACCATGTTGGCCAGCCTGG
CANVAS	AGCTTGGCCAATATGGTAAAACCCCATCTCTAGGAAAAATACAAAAAATTAGCTGGACATGGTGGCACGCGACTATAGTCCCAGCTACTCAGGAGGCTGAGGCAGGAGATTCACTTGAACCTGGGAGGCAGAGGTTGCAGTGAGCCGAGATTGCGCCACTGCACTCCAGTCTGGGCAACAGAGCAAGACTCTGTTTCAAA	AAAAG	AAAAAGCATGTTCTAAAGAGAATAGCAACGGTGTAGCTGGAGTATCACTTGATAAAGAGATTATGGGATTATACAGGCAAAAACACTGTCAGTTTGAATTGAAGAGGATGGAGAAAGGACAAAATGAAAGAAGGCTGTCAGACTTCTGAGATTCCAGTGACAGGACAACACAGCTATTCTTCAAGAAAAGGGAAGAATGG
CCHS	GTCGCCGCCGCCGCCGCCGCCGCAGGATTCCAGATCAGAACATACTGCTCTTCACTAAGGCGGCTTTGGCACCGTTGGGTCTTTGGAGCGAAGATAGGACGCTGGCGAAGGGACCCCCAAGCGAATCCGGGATGGAGGTGATGGGGCCGGGGCCGGGAGCCCAGCCTTGTCCAGGGCCCCCAGCCGCAGCCAGGCCTCCA	GCN	GCCGCCCTTGCCGGGTTCGCCTCCCGGGCCCCCGGGCCCCGCCGCCCCCGGAGCTCCAGCCGGGCTGGGCCCGCCGCCGCCGCCTCCATTCGCCCCGCAGCTGGGGGTGGGGTTGGGATTGGGACCTGGGCCCCCAGTGCTGTCCGGGTCAGTGCTCTTGGCCTCTTTGCTCTCGTCGTCCCTGGAAGAGTCAGACTTTT
FAME7	GTGTGTGGAGTTCCATCAAATAGCACAAAGCAGATGGCCGGGAAATGTTAATTTTCTTCCCTTTTTTTAAGAGCTTAGATTGAGGTTAGAAGAAAAAAAAATGGCAACAATTAGTTATATTGATGTTGAGGGTGATTATTAAATTAGTCATTTTCTCTGTCTGGGAGTTTAGTCATACTCTCATTACTATCATAGCTTTT	TTTTA	TAGAGGATATTTGCTCAGTCGGTTTTATCAAATGGCCGCTATGGGCTAAGCACTGCTATGTGTACATACTGCTGTGTATGGAAACAAAGCATCAATACTTACATTCAGGTGGTTTTACTGATAGTAAACAGATGAGGTAGGTCTATACGGAAGAGAAGAGTAAAACGCCTTGGCTTGACCCTGACCCTACTTCCCTGTGC
FAME3	AAAAAACTAATAAAAAATGTTCTATTTGTGAAATCAGTTATTATAGGTTATTTCTTTAAAAAATGCGACTTAGGTTTTTTAAATCTGCTTAGAAATTTTTTGGTAGGAGATATTCAAAGTATGGCCAAACATAAAACTAAATTAAAAAAAAATCAGTATCACCTACTTTTGAAAACACTTATACTGTTGTGGTTCTGTTT	TTTTA	CCGAGATGGAGTCTTGCCCTGTTGCCCAGGCTGAAGTGCAGTGGCATGATCTCTGCTCACTGCAACCTCCACCTCCCAGGTTCAAGCGATTCTCCTGTCTCAGCCTCCTGAGTAGCTGGGATTACAGGAGCGCGCCACCTCCCTCTGCTAATTTTTGTGTTTTTAGTAGAGATGGGGTTTCGCCATGTTGGCCAGACTGG
SCA12	AATGGTGCCTTTCTGGACCCGAGCTGCAGTGGCGAGATGGCAGGGACAGGATTCAGGCTTGCCTGGCCGGAATGAGGGTGCTGGTCCCACGGGAGGGCGGCTCCGGCAGGCGGGGGTAGGGAAGCTGGCGGGGAGCTGGGCAGGGCGCTGCAGCCGGCGCCAGCGCACTCACCCTCACACCCACACGCGCGCACTCGCAG	CTG	CAGGAGGCTGGAGGCGGCTGGTGCATTAAAGGCGAGGCTCCTCCCAACCGCGTCAGCAGCCCCACGACTCTTTCCCAGCAGCAGTGGTGGCCGAGGCAGAGGCTGCGGCTGCTCTTTGCTGCAGTGGGGCGCATGCAGCCGCGAATCGGCACCTGGGCAGCAAGCGACTAGCTTGCAGGTTCAGGTGGAACGCATAGACG
SCA1	TTGCATGACGACCTGGGAGGGGGGCCCCAGGGTGAGCGTGTGTGGGATCATCGTCTGGTGGGGGTGGAGGTGGACGGGGATGGCCGGAGGAGAGGCGGTGCGGCCGGTGTTCTGCGGAGAACTGGAAATGTGGACGTACTGGTTCTGCTGGGCTGGTGGGGGGGACCCCGGGGTGATGAGCCCCGGAGCCCTGCTGAGGT	CTG	CAGCCTTGTGTCCCGGCGTCTGGCTCAGACTGCCCATGTTGGCCAGCAGAGTGGAATAGGCCTCCAGCTGGGAGCGCTGGGATGGAGTGGTGGCCCCTGCGGCCGAGGCCACTGCACTGGTGACGGGGTTGGCGGTTGGGGGGATCAGCTGTGATGGGATGAAGCTGGCATAGGTTCCACTGTATTGGGAGGACCCAATG
CCD	ACTTCGCTAACTTGTGGCTGTTGTGATGCGTATTCCCGTAGATCCGAGCACCAGCCGGCGCTTCAGCCCCCCCTCCAGCAGCCTGCAGCCCGGCAAAATGAGCGACGTGAGCCCGGTGGTGGCTGCGCAACAGCAGCAGCAACAGCAGCAGCAGCAACAGCAGCAGCAGCAGCAGCAACAGCAGCAGCAGCAGCAGGAGG	GCN	GTGCCCCGGTTGCGGCCGCCCCACGACAACCGCACCATGGTGGAGATCATCGCCGACCACCCGGCCGAACTCGTCCGCACCGACAGCCCCAACTTCCTGTGCTCGGTGCTGCCCTCGCACTGGCGCTGCAACAAGACCCTGCCCGTGGCCTTCAAGGTAAGAGGCTACACCGCCCCCCGCCCCCGGCCGGGAGCGGCGGA
SCA17	CCTGACCTGCTGTTCCACCAAGAAAGTTCCACAAACACTTAGCAGCAGCCAGCCTAACCTGTTTTTCTCCTTGCTTTCCACAGGGTGCCATGACTCCCGGAATCCCTATCTTTAGTCCAATGATGCCTTATGGCACTGGACTGACCCCACAGCCTATTCAGAACACCAATAGTCTGTCTATTTTGGAAGAGCAACAAAGG	CAG	ACAGGCAGTGGCAGCTGCAGCCGTTCAGCAGTCAACGTCCCAGCAGGCAACACAGGGAACCTCAGGCCAGGCACCACAGCTCTTCCACTCACAGACTCTCACAACTGCACCCTTGCCGGGCACCACTCCACTGTATCCCTCCCCCATGACTCCCATGACCCCCATCACTCCTGCCACGCCAGCTTCGGAGAGTTCTGGGA
FRA7A	GAAGGAAGCAGGCTCGGAGCGCCGCCAGCGCATGCGTATTGGGGATCTGAGGCCAGCGTCTTGCGCCGCCATTGCGGGGAGGCTGTCCTCAGAGCAGGTCTGGCGCGCCGGTGGCTGGACCGGCCCCAGGAGCCCAGTCACCGGGCGTCATTGGCTCAGGCTGCGGGGCCCTCGGCACCTTCTCCCTCCCGGGTCCACCG	GGAGGCG	TGTCCCCGCTGTCCCCATTCCTGTCACCCGCCCCGTGTCCCTTTCAGATTTTTGGTCTTTTATAGGAAGGTCTTACCCGTTCCAATATTATAAACACATTGTCTTCTACTATCTGGGAATGACTCTGAGGCTGAAGAAAAACTTGCAGTTTATTTTTGGGCAAGCGTCCATAGGTGTCATTTTGGGGGAAAGTTTTTCCT
OPDM1	CGGGTCGCCTCAGCTTTGTTCGGTCAGCGGGGCGCGGGGACGCGGACACTTACCGTACACCCCAGCGAGGAAAAGCAAGAGCAACGCAGACCTCCACCGCGGAGACTCTTTTGTGCTCCAGCGACAGGCCATAACCACAGCAGATGGAGAGAGAGAGGAGGAGACGGAGGAGGAGGGAGGAGAAGCTGGAGGTAGACGAC	GCC	AGCCACCGGCTGCTCCCTGCGCTCTCCGCGGCTGCGGGAGGGGGAAGGGAGGGGCCGCCGCCGCCCGCGCGCGCTCCCTCCTCCCTCCTCCCTCCGGCTCGCCTGCTCCCACCCCGGGCGGTGCGAGAGCCCCACGCGGGGCGGCCCTCCTGGGGGCAAGGGCAAGGAGCTCGCGCGCCAGCGCGAGACGAGAGGGTGGC
FAME1	ACCAGCCTGACCAACATGGTGAAATCCCGTCTCTACTAAAAATACAAAATTAGCTGGGCGTGGTGGCACATGCCTGTAATCCCAGATACTCAGGAGGCTGAGGCAGGAAAATTGCTTGAAACTGGGAGGCGAAGGTTGCAGTGAACCCAGATCGCGCCATTGCACTCCAGCCTGGGCAACAAGAGTGAAACTCTGTCTCA	AAATA	ATGAACAAAATGAAAAGGGGGATACTAAGAATGGAAGTATTATTTCAGAGAAGGATAAGGATAGAAGGCTTTATTCTTGTCTGGGGCTCAAGACTGGACCAATGGCTGCACAACTTTAGAGTCCATTCACAGTGTAGTCTATGCACATGGTACCTTCTAGAATTGGCATGTAGAAATTCTGATACAATGGGAGGCTTGAA
ALS.FTD	CCCGACACCCAGCTTCGGTCAGAGAAATGAGAGGGAAAGTAAAAATGCGTCGAGCTCTGAGGAGAGCCCCCGCTTCTACCCGCGCCTCTTCCCGGCAGCCGAACCCCAAACAGCCACCCGCCAGGATGCCGCCTCCTCACTCACCCACTCGCCACCGCCTGCGCCTCCGCCGCCGCGGGCGCAGGCACCGCAACCGCAGC	GGCCCC	TAGCGCGCGACTCCTGAGTTCCAGAGCTTGCTACAGGCTGCGGTTGTTTCCCTCCTTGTTTTCTTCTGGTTAATCTTTATCAGGTCTTTTCTTGTTCACCCTCAGCGAGTACTGTGAGAGCAAGTAGTGGGGAGAGAGGGTGGGAAAAACAAAAACACACACCTCCTAAACCCACACCTGCTCTTGCTAGACCCCGCCCC
FA	CTTTGGGATTGGTTGCCAGTGCTTAAAAGTTAGGACTTAGAAAATGGATTTCCTGGCAGGACGCGGTGGCTCATGCCCATAATCTCAGCACTTTGGGAGGCCTAGGAAGGTGGATCACCTGAGGTCCGGAGTTCAAGACTAACCTGGCCAACATGGTGAAACCCAGTATCTACTAAAAAATACAAAAAAAAAAAAAAAAG	GAA	ATAAAGAAAAGTTAGCCGGGCGTGGTGTCGCGCGCCTGTAATCCCAGCTACTCCAGAGGCTGCGGCAGGAGAATCGCTTGAGCCCGGGAGGCAGAGGTTGCATTAAGCCAAGATCGCCCAATGCACTCCGGCCTGGGCGACAGAGCAAGACTCCGTCTCAAAAAATAATAATAATAAATAAAAATAAAAAATAAAATGGA
HSAN8	GCCAGTCGTCCACGCTGCGCAACCACGTGCGCCTGCACACGGGCGAGCGCCCCTACAAGTGCCAGGTGTGCCAGAGCGCCTACTCGCAGCTGGCCGGCCTGCGCGCCCACCAGAAGAGCGCGCGGCACCGGCCGCCCAGCACCGCGCTGCAGGCACACTCGCCCGCGCTGCCCGCCCCGCACGCGCACGCGCCCGCGCTC	CGC	GCGCACCACCTGCCGGCCATGGTGCTGTGAGCGCGCCCGCGCCCCCGCCGGGCCCCGCGCGCTCCTGGGTCCCCGGCACCCCGGCCCCGCAGCGCGACTCGCCCTCCAGCCCCAACCCCCGGCCCGGCGCCGCCGCGGAGCCCCGCGCGCTGGGGTTGCGCCCCGGAGGCGGATCTCAGGCACCCCCGCCTTGGCCCGTG
OPML	GCGCAGCCCGAGTTTCCCACCTTTTATCCTGGCCCAGACGCGGCTGGGGCGGACGGGACCTCTCGCGCTCTGCCTCCTCCTCTTGCTTCATGGAGCCATGCGCCTGGGTGGGGGCTCCCGAGAGAAGCTGGCCTGCGGGCGGGCCGGACGCGCTGCGCGGACGGGACGGGGCGAAGGAGGCCGGCAGGCGGAGGAGGAAG	GGC	CGGGAAGAACTAGAGGTATTCCCCGGGCGGCTGGAGGACTGAGTCGAGCCGGGACCCGAGTCCTCCGGTATCCCAGCAGCCACCGGAGGCAGTGAGGTAATGGAGGAAGAATGTAGGGAGTCCTCCGGTGGACCACACTCCTTCTAGCGAGCCGCGGAAACCATAGAGATCAGGGCTCAGCCGGAGGGCCGGCCCACTGC
FRA11B	CGAAGCCGGTGGCCCGGGGATCGTCGCTGCCCAGTCCGGCCGCGGCCGGCCGCTTCCCCGAGCTTACCAGTAAGCCGGTCCGCCTCCGGGACGCGCCCCGCCCGCCCCGGGCTCGCGCGCTCTGAAGGGGCGCGTCCCGCGCACTCCCGGCGCCGCCCACTCCCCTCCCCACGGCCGCTCCTCCCTCCGCCCGGATAGCC	GGC	CGGGAGAGGCCCCTCCTTCACGCCCTGCTTCTCTCCCTCGCTCGCAGTCGAGCCGAGCCGGCGGACCCGCCTGGGCTCCGACCCTGCCCAGGCCATGGCCGGCAACGTGAAGAAGAGCTCTGGGGCCGGGGGCGGCAGCGGCTCCGGGGGCTCGGGTTCGGGTGGCCTGATTGGGCTCATGAAGGACGCCTTCCAGCCGC
FRA12A	GTGGTAAAGCCGACAGTCCATACCATGAGCCCATTTCGCGCAGGGAAATTCGAGTGGTGGGCTTGGGCCCGTCGTTCTGGTAGCTTCCCAGTAGAGGGCGCCGTAAGCATATGCGTCTTCAGCCTGACTGGGCTGGAGAGGCGGTGCGTCCTCCTGGCCGGGGGGCGGGGGCCGTCGCGCTCACGTGACCTTTGCTCATG	CGG	TGCTGGTGGTGCTCGGCGGCCGGAGCCGGATCCTGTAGCCGGGTGTGGGCCCGTGTCTGTCCGTCCCTCCTTCGGCCCCCTCTCTTGTCTTCCGGAGTGTGGCTGGCGGAGCTGGGATGGCGGAACGAGGCCTGGAGCCGTCGCCGGCCGCGGTGGCGGCGCTGCCGCCTGAAGTGCGGGCGCAGCTGGCGGAGCTGGAG
SCA2	CGGAGCGGAGGGGGCTGGGGTGCCGACACCCACCTGCCCAGGCCGGGCCTCCCGCCGCCGGAGGTCGCCGCGACCACCGAGGAGGGAGCCGTGGCCGAGGACGAGGAGACCGAGGACGAGGACGGCGAAGGCGCGGCGGCGGGCGACGCTAGAAGGCCGCTGCCGCCGGGCTTGCGGACATTGGCAGCCGCGGGCGGCGG	TGC	GGGCTTCAGCGACATGGTGAGGGGCCCATACACCGGCTCGCACGCCGGGCGGGGACAGCCGGGAGCCGGGCGCGCCAAGGAGACGCCGGAACGCGGCGGGGACGCGCGGGCGCCGAGCGGGGAGGCGCGGGTTGGCGCGGCCGGAGGGGCGCCCGGGCTGGCGAGGGGGAGAAGGAGGACGACGAAGGGGCGGGGAGGCC
SCA27B	ACTGGAGTAACTGTGGCTGTCTTGTCACCACTGTATCCCTAGTGTCTGCTGGCTAAAGAGATGAGAAAACAGAAAATATTTCTTTCCAGAGAGCAAATGACAGCAATCGTCAGTCAGTGTAAGCTTGCCTTTGCAAATGAAGGAAAACTCTTATCTTAGTTGTAAAATATCAATATTCTCTATGCAACCAACTTTCTGTG	AAG	ATGTGTTTAAGAATTCCTCAATAAGACTAAGCTCTATGTGGGCAGGAACTGCTTAATTCATCATTGCGTTCCCAATATAGTGCGCCTAGAAGATAATTAAAAAAAAAAAAAAACCTGGAGAATGAGTGAATGACATTGCTCACTATATGGACCTAAATTTAATCTCTTTATCAAGGAAAATTATAACTGTTTTCTTTTTT
OPMD	GGCAGATTTCCCCTACCGGGATTTGAGAATTTGGCGCAGTGCCCCGCCTTAGAGGTGGGGCCTTATTTGATTGCCAAGTAATATTCCCCAATGGAGTACTAGCTCATGGTGACGGGCAGGCAGCTTGACTAATGAGTCCTCGGCGTGGCCGGCGCAGCTCTCCAATCGCCGGGCGGCGGGCCCCAGTCTGAGCGGCGATG	GCG	AGCAGCAGCGGGGGCTGCGGGCGGTCGGGGCTCCGGGCCGGGGCGGCGGCGCCATCTTGTGCCCGGGGCCGGTGGGGAGGCCGGGGAGGGGGCCCCGGGGGGCGCAGGGGACTACGGGAACGGCCTGGAGTCTGAGGAACTGGAGCCTGAGGAGCTGCTGCTGGAGCCCGAGCCGGAGCCCGAGCCCGAAGAGGAGCCGC
SCA3	CTTAAGATTCTTAATATGATTAAAGAGGGAATGAAGAATAATGTAAAGCAAAAATCACATGGAGCTCGTATGTCAGATAAAGTGTGAAGGTAGCGAACATGATGAATGGTGAGCAGGCCTTACCTAGATCACTCCCAAGTGCTCCTGAACTGGTGGCTGGCCTTTCACATGGATGTGAACTCTGTCCTGATAGGTCCCCC	CTG	TCTGAAACATTCAAAAGTGAAGTATATTTAAAAAACAAAACTTAAAAGAATAAATACACCATGAGAAAAACTATTCATAAGGAAAATACATTGTTTCACGAATCAAAGTAGTCACTGGTATTAAAAGAATGCAAGAGCAGTTAGTCTGATACAGATTACTTTAAAATATGGAAGTGCTGATCTTAGGAAATCTAGACATA
ALS	TGCTGTCCCCGCAGCCTAAGGCGCCGGTCCCTGGCACCCCCGTCCCGCCCCCGCCCCTCTTCCTGCTCCTCCCCCACCCGTCCCCCTCCCCTCCCCCGCCCGCGCCTCCCGGTCACCCCCCATCCCGCCCCGCGGGGCGCGGCGCGCAGGCGCAGGCTCGGAGGGCGGGCGCGGGCGGAATGGGGACTGCAGCTGCGGCA	GCG	GCCGGGGAGGGGGCGCGTAGCCCGAGCCCCGCCGCCGTGTCGCTCGGCCTGGGCGTGGCCGTCGTGTCGAGCCTGGTGAACGGGTCCACGTTCGTGCTACAGAAGAAGGGCATCGTGCGTGCCAAGCGGCGAGGTAGGGCGGGCGGCAGGCGGCAGGCGGCGGGCGGGTGGGGGAGGCGGGCGGCGGAGAAGGCGGTCGC
FAME6	GGTGTGAGAGAGGGGTAAGGGTCAACCAGGTGGCGTGTGTGAAGGCCTTGAGGAGGGCAAGGGCTCAAGAATGCTGGTGGACCAAACACATTGCATGTTTCAGACTGTGTTAGATGAGGCCATCCAGATTATGTGGAGCTCCAAAGCCCTGGCTAATGACTTGGATTTCATCCTGGGATCAATGAGCAACTATTAAAGCA	TTTTA	TTTACTTATTTATTTAGAGATAGAGTCTTGCTCTGTCGCCCAGGCTGGAGTGCAGTTGTTCGATCTCGGGTCACTGCAACCTCCGCCTCCCAGGTTCAAGCAATTCTCCCACCTCAGCCTCCTGAGTAGCTGGGATTACAAGTGTCTGCCACCATGCCCAGCTAATTTTCTTTTTTTTGTATTTTTAGTAGAAACGTGGT
SCA31	TGGTGAAATCCCATCTCTACTAAAAAAAAAAAAAAAAAAAAAAAAAAAAATTAGCCAGGCATAGTGGCACATGCATGTAGTCCCAACTACTTGGGAGGCTGAGGCAGGAGAATCGCTTGAACCCAGAAGGTGGAAATTGCAGTGGGCCAAGATCACGTCACTGCACTCCAGCCTGGGCAACAAAACAAGACTCTGTTTCA	AATAA	AGAAACCTCTAAATTGATTGAGATCTGCCTCCGACACTTTTCAATTTACAAAAACATACCTAAGAATTGGCCACCCAGGGGCAGGAAGCTGGGGTTTCTATCCAGTAACTCTCACCCCGCTGGCCCTTGGTTGGTTGAGGGTCGCCACCTTCCTGGCGCTTCCAGCCTGTCCCGCACACTAGCAGAGTATGCCTCTGCAG
HDL2	GGTGGTTGGACGCGGACTAGCGCTGTCGAAGCAGGCTGCTGGAGGGAGGAGGGAGGCCCATCTGCTCAGTGAGAGCCCAGGAATCTCGTCTTTCAGTGGCTGCATCGTTTTCACCATTAGTTGAGGGAATCGATCTGTGCCTTCATTCTAAGATGCCACCGCATTCGGGGCAGAGCCGGGGCCGGAAGCCAGGGAGCTGC	CTG	TAAGATGGTTTCTGTGCAGGGAACCTTGGCCGGCTCTGCAGCTGCCCGCCTGCCTGGACTCTCCGATATCCACTCCTCAGTGCACCTGACACGCATGGAGCCGGTCCTTTCCTGGAAGCCAGACCCCAAACAAACTGGCTTCCCCGACCAGTCCACTCCCATGTGGGAGCTTATCCTCAGAGGCACTGGGTCCTCTGCCT
RCPS	ATGCCCCGCAGCAGGTCCTCCCGCAGGCCCATGGTGTCGAACGTGGGGGTCACATCCACCTCCTCGCTGGTCTCGAATTCCACTTTAGTCATGTCTTCCTCTTTGAGCAGCCGCTTTCGCGCCGAGCCCGAGGTCGCCATCGTGGCCGTGGTCGCCATGATTCAGAGTCCGCGGAAGAGCACAGCGCGCGCCGCTGCCGA	GCCGCTGCCGACCTCGCTGT	GAACAGACGCCTTAAGTATGCGAAAGCGAGAGACGTGCGTGCGTACGTGCGTACGTGCGTACGCGCGACGCGGCCACGCCTCTGGGGGACGGGGCACTCTTCGTCACGTGAAAGGGAACTGGGCGTTTGCCGCAGGGAAAAGTAAGGTGTTTCTGCTCTCGCGCCATATGCAGTTCCCGCGGGATCTCGTTGAGGGCGGG
FECD	CTAGTGGATAATGCACACCTTCCCTGAGTCAGAGCCTGCAAAAAGCAAAGGAACGAATGGAGAAAGTGCAACAAGCAGAAAGGGGGCTGCAAAGCTGCCTGCCTAGGGCTACGTTTCCTGGCAAAACTTCCGAAAGCCATTTCTCCAAAAGAAGGTCTAGAAGAGGAGGAGGAGGAGGAGAAGGAGGAGGAGGAGGAGGA	GCA	TGAAAGAGCCCCACTTGGAAGGCGGTTTGGATTTTATTTGTGTGTTTTGTGGATTCTTTTTATTTTGCTTTACAAATGCATCTTACACCAAACTCATCTGGCATTAAAAATGAATTCATTCTCCTGACATGTCTGGGACTTGGTTTAGGAAAAGGAAGCAAAGGGATGGAGAAGGACCAAGTACAGCCGTAAAACTCCAC
SCA6	GCCGGCCACCGGGCCCCGCCGTGTCGACAGGCCCTGGGGGACTCGCTCCGGGCCGGGCCTGGGACCCGCCTCTCCATCCTGGGCGAGCGGCCGCTGCTGTGGCCCCCCGTGGGCGGCCGATCTCCGGCCAGAGGCTCGGCCGTGGGGCCTGGGTACCTCCGAGGGCCGCTGGTGGCCGCCCGGCCCGGCCTGGCCACCGC	CTG	CGGGGGCCCCGAGCCGCCGGCCTTACGGATCACAGGGGAATAGGACACGTGTGGCCGGGGGGTGGAGGGGGTCTGGGGGAGCTGGCGGCGGCCCCGCCGCGGAGTGCTGGTACCAGATGTTGAGGGGGCTGGGCTTCCACTTACGGAACTACTGCCCTACACGAAAATTGAAACAAAGGAAATCAAAAAAAAAGATACAA
OPDM2	GGAAGGGAGCTGCCCCCACCACCCCCCACCCCCGCTTCCCCTGGGAAGGGGCCTCCGGCATCCCCGCGCGCAGCCTAGACCTCCAGTCGCGTCCACGGCGCCGGCCCCACCCTGCAGGATCGGCCGGATCCTCGCAGGCCCGCGACCCCCGAGGCCCCCGGAGCAGACACATCCTTCTCGCAGAGGCCACTCACCTGCTC	CCG	TCCCCGTGCGCACCCGGCTCGGCCCTCCGCAAACTCCAGACCGGGCCTCTCCCGCAGCGGCGCCTGGGGGGCGGGGCCGACGCCCGCGGCCGGCCAATCAGCGGCTGCCTCTCGGTGCTCGCAGCCAATCCGCGTCTTCCGCTTCGGGTGGACCCGACGGAAACATTCCAGAGGGATCCCTCCGCCTCGCCCGGCTCTTC
PSACH.MED	GTCGCCCACGCCGTCCCCTGAGAGGTGGGAGACCCCTCGGTGGGCTAAAGTCAGGGCCCGCCCACCGTAGACCCCGCGCCAGGAGCCCCCACTGGCCCCGCCCCCACCGCAGGCCCCGCCCCCGCCGTACTGTCCGCGTCCTCCTGGCCGGGGTTAGGCACCAGGCGGCAGTTGTCCCGACTGTCAGGGACTCCGTCATT	CGT	GCAGGCATCACCCTGGCCATCGTGGTCTGAGTCCTCCTGGGCACTGTTAGGCACCGTGGGACAGTTGTCCCGAGAGTCCTGATGTCCGTCTCCATCCCTAGAGTGGATAGGTGGGATCCAGAGACAATGAGCTCTCCAGAGCGTTTTGTCAAAGGCTACCCGGACGCCCACCCCAGGTGGCCTCCTTACTGGTCTTGATC
DM1	GCAGAGATCGCGCCAGACGCTCCCCAGAGCAGGGCGTCATGCACAAGAAAGCTTTGCACTTTGCGAACCAACGATAGGTGGGGGTGCGTGGAGGATGGAACACGGACGGCCCGGCTTGCTGCCTTCCCAGGCCTGCAGTTTGCCCATCCACGTCAGGGCCTCAGCCTGGCCGAAAGAAAGAAATGGTCTGTGATCCCCCC	CAG	CATTCCCGGCTACAAGGACCCTTCGAGCCCCGTTCGCCGGCCGCGGACCCGGCCCCTCCCTCCCCGGCCGCTAGGGGGCGGGCCCGGATCACAGGACTGGAGCTGGGCGGAGACCCACGCTCGGAGCGGTTGTGAACTGGCAGGCGGTGGGCGCGGCTTCTGTGCCGTGCCCCGGGCACTCAGTCTTCCAACGGGGCCCC
SCA36	AAGGCCGGAGATGGTGTCGTCCCCGGCCTCCGATTGGTCGGGGGGGCGGGGGCGTGGCCTCTGGAGCCTGGTTCCGCGCGCCGGAGCGCGCTAGCCGCATTGCGAGCCGAACCCGGGAGCTGGCGCCATGGTGAGGAGTGGTTGCGGGGCGCGGGCGACGCGACGGTGGGGGTTTCGGCCTGCGTTCGGGCCGCAGACAG	GGCCTG	CCCTGGGAACGGGTTCCGGCAGACGCTGAGGTTGCGTTGACGCTCGCGCCCCGGCTCCCGTTCCAGGTGCTGTTGCACGTGCTGTTTGAGCACGCGGTCGGCTACGCGCTGCTGGCGCTGAAGGAAGTGGAGGAGATCAGTCTGCTGCAGCCGCAGGTGGGTGAGATCCGTGGGCTCCTTTGGCGGCCCCGCAGACCCTC
EPM1	TGGCGGAGGGCGCCCCGCACATCATCTTGGCGGCGACGGAGGGAATCTGGCGAGGGGACTCGGCGAGGGGACGCGGCGGCTCCTCAGCCCAAGTAGGCGCTGGGGTCACGTGACGCGCGGGCGGAACCAAGGGGCGGGGAGGAGGCACTTTGGCTTCGGAGTCCCCTGCGGGGTCGCGGTGGCCCCGCAAGAAGGGACGC	GCGCGGGGCGGG	AACCTGGCCACCACTCGCCGCAGGCTGGGTCTCCGCGCCCAGCGCTGGTGTCGGGAGGGAGCGCCCCCCTCCCGGGGCTGGTATCGTCTTTCCGGGCGCCGAGTCACACGGACCGGGGCGGGGGCGCGGCCGGGTGTCGCCGGTGGGTTGGGCGCGCAGGGTGGGACGATAGGGAAGGGGCAGTCGGAGTAGGCGCAATC
TOF	CCCCGAACCCCGAGCTGCGCCTGGAGGCGCCCGGCGCATCGGAGCCGCTGCACCACCACCCCTACAAATATCCGGCCGCCGCCTACGACCACTATCTCGGGGCCAAGAGCCGGCCGGCGCCCTACCCGCTGCCCGGCCTGCGTGGCCACGGCTACCACCCGCACGCGCATCCGCACCACCACCACCACCCCGTGAGTCCA	GCC	AACATGTACTCGTCGGCCGGAGCCGCGCCGCCCGGCTCCTACGACTATTGCCCCAGATAACACGGGCCCTGTCGCGCTCCCGCCCCGGTCCTGCACAGCCCCGAAGTTCGCCGGGCCCGGCCACCCTGCCCCAAGGGCAAGCAAGGAATACGTTCCCCCAGCCCCAGGGGCCACCGCGGCTCTCCCCTTCCCCAGCCTCG
SCA10	AGAGAGACAGTTAACAAGCCAGTATTGGAGAAATAAGTGGAATATTTAAAAATGCTCAGTCTCAAAAGAGTCTGGAAAATAAGAACAAAGAATAGTGAAGACAAATAGAAAACAGATGGCAGAATGATAAACTCAATCATGTTGATAAATATATTAAATGTAAATGGCTTAAATATCCAACTAAAAGACTACTAGAATGG	ATTCT	TTTTGAGATGAAGTCTCTCTATGTTGCCCAGGCTGGAGTGCAGTGGCGCGATCTCAGCTCACTGCAACCTCTGCCTACCAGGTTCAAGCAATTCTCCTGCCTCAGCCTCCCAAGTAGCTGAGATTACAGGTTCACCACCACACCCAGCTAATTTTTGTATTTTTAGTAGAGACGGTGTTTCGGGAAGTCAGGGACCCTGA
XLID	GCGCCCCGTTCTCGCGGTACGACTTGCTGCGGCTGATGCTCACCTGCGGCGCCTGGCTGATCTTGAGCGTGTCCCAGGCCGCGGCGGCCGCGGCCGCGGCTGCCGCGGCGGCCCCTGCGCCGTCCGGCCGTTCCCCGGGCCGCGCGGTTGGCGGTGGCGGCGGAGGGGCCTCCCCGCGTGGACCCGCCGTGGCCGTGGCG	GCC	ACCCTGAAGGAGGCGGCCCCCGCCCGGGCCGTACAGGCGCCGCAGCTTGGGCGGCAGGTGCAGCTCGGCCTCGAACGGGGCGCTGCTGCTCTTAGGGGAGCCTGCGGGCAAGGGAGAGCTATCAGCCAGCCGGCCGGCCGGGGAGTCCCAGCCAGGGCTGCTGCCGGGGCCCGCCCGCAGTTGCTCCCCCAGTGCCTAGG
DMD	AAGAATCCTTGGTGATAGGATCTTCAGACAGAGAGGCTCTAGGGACTTGAAACCTGGAAGTTCAGCATAGGCATTTAGTATATGTTGAGCCTTAGGGAACTCATTTATCAATTTGATATCACTCCTTTGTATCACTGCCATGGTGAATGATCAGAAAGGAAACACAAACTCCTTCTTTAAGAACTGCAATAACGAACTGT	TTC	TTTTTTTTGGCAGAGGTGGGGTGTCTCGCTACCTTGACTAGGCAGGTCTTGAACTGCTGGCCTCAAGCAATGCTCCCACCTCAGCCTCCCAAAGTGTTCGGATAACCGGCATTAGCCACCTCCTCTGGCCAAGAACTGTTTCTTTTGATTAAATTTTGTTCTTCCTACTCCAACTTTCCTTAAAGATAATGCTTCCTTAA
SBMA	GTAGGTGGAAGATTCAGCCAAGCTCAAGGATGGAAGTGCAGTTAGGGCTGGGAAGGGTCTACCCTCGGCCGCCGTCCAAGACCTACCGAGGAGCTTTCCAGAATCTGTTCCAGAGCGTGCGCGAAGTGATCCAGAACCCGGGCCCCAGGCACCCAGAGGCCGCGAGCGCAGCACCTCCCGGCGCCAGTTTGCTGCTGCTG	CAG	GGTGAGGATGGTTCTCCCCAAGCCCATCGTAGAGGCCCCACAGGCTACCTGGTCCTGGATGAGGAACAGCAACCTTCACAGCCGCAGTCGGCCCTGGAGTGCCACCCCGAGAGAGGTTGCGTCCCAGAGCCTGGAGCCGCCGTGGCCGCCAGCAAGGGGCTGCCGCAGCAGCTGCCAGCACCTCCGGACGAGGATGACTC
XDP	TGGAGACCAGCCCGGCCAACACAGCGAAACCCGGTCTCCACCAAAAAAATACGAAAACCAGTCAGGCGTGGTGGCGCGCGCCTGCAATCGCAGGCACTCGGCAGGCTGAGGCAGGAGAATCAGGCAGGCAGGTTGCAGTGAGCCGAGATGGCAGCAGCACAGTCCAGCTTCGGCTCGGCATCAGAGGGAGACCGTGGAAA	GAGAGG	AGGAATTCTGTCTTACTCCAGACCAGTTGGTTTGTTTTTAGAGCAGCTTTAGTTCATGGCAAAATTGAGCAGAAGTTACAGAGAGTTCCCATATACTCCCTGCCCTCACATACATACAGCCTCCCCAGTTATCAACATCTTGCACCAGGCTGGGCGTTGTGGCTCACGCCTGTAATCCCAGCACTTTGGGAAGCCAAGGT
XH	GCGGCATCATTGGGCTGTACTGCAGGCCGGCCATGTCGTAGCGGTGCATCGGCGGCAGCGCGGGCGGCGGCGGCGGGCTGCTCATGCTCGGGGGCTGCGCGTAGCCCAGCTGCTCCTGCACCAGCGAGTACGCGCCGTTGGCCCAGCCGTTCACGTGCGTGTACGTGTCCAGGCGCTGGCCCACGCCCACCGGACTGCTG	GCN	TGGGCAGGGAGTACTTATCTTTCTTGAGCAGCGTCTTGGTCTTGCGGCGCGGTCGGTACTTGTAGTCCGGATACTCCTTCATGTGCACGGCGCGAAGTCGCTTGGCCTCGTCGATGAATGGTCGCTTCTCGGCGTCGGTCAGCAGTTTCCAGTCGGCGCCCAAGCGCTTGCTGATCTCAGAATTGTGCATCTTGGGGTTC
FXS	GGAGGGAACAGCGTTGATCACGTGACGTGGTTTCAGTGTTTACACCCGCAGCGGGCCGGGGGTTCGGCCTCAGTCAGGCGCTCAGCTCCGTTTCGGTTTCACTTCCGGTGGAGGGCCGCCTCTGAGCGGGCGGCGGGCCGACGGCGAGCGCGGGCGGCGGCGGTGACGGAGGCGCCGCTGCCAGGGGGCGTGCGGCAGCG	CGG	TGGGCCTCGAGCGCCCGCAGCCCACCTCTCGGGGGCGGGCTCCCGGCGCTAGCAGGGCTGAAGAGAAGATGGAGGAGCTGGTGGTGGAAGTGCGGGGCTCCAATGGCGCTTTCTACAAGGTACTTGGCTCTAGGGCAGGCCCCATCTTCGCCCTTCCTTCCCTCCCTTTTCTTCTTGGTGTCGGCGGGAGGCAGGCCCGG
FRAXE	TCCCACTAGCTGATTTTGACAGTGGGGGGTGGGAGAGGGTTCCCGAAAGGCAGGGGCGGGCGCGGCGAGCCCCTGCCAGATCCGGGGATGATAACGTGCCTGCTCCATGTCGCGGCTTCTAGCTGTCCAGGCTCCGCCCCCTGTGAGTGTGTAAGTGTGTGATGCTGCCGCGGCCGCCGCCGCCGCCTGTGCAGCCGCTG	CCG	CTGCCGCCCCGGCTGCCGCGCCGCGCCGCTGCCTCTGCCCCGGCCGCCCCCGCCGCCGCTGCCGCCGCCGGCCCGCAGCCAGCCAGGCGGGCGGCCCAGCCCGCCTGAGCCCGCAGCGGCTGCCGCCGCAGCGTCGGGTCGCTGGGTGCGCGGGCTACCGCGGACCGAGCGGACCCGAGTGGGCGACCAGGCGCTTGCCC
BSS	GTCTGCAGCAGCAGCGCCGTAAGCACCGACAGCGCCGAGTGCGAGCGCCGGGCCAGCCTCCAGGCGCGCCGGCGCCGCCCACCATCTTCGGAGCGCGCGCGGCGGCGCCGGGGACCCGGCACGCTCCGGGCCGCCCGCGCTCCGCAGCTCCGCGGCCGGCCAGCTGCCGCTCGGGCTCCCGCTCGGGCCGCCGCCGCCGCCGCCGCCTCGGCTCGCCGCTGCTCCT	CCG	CCTCCACCGCCGCGGCGCGGAGTTCAGACGGGCAGGGACCCGGACGTCACCAGGAGGAGGAGAAGGCGGGAGGCGGGAGCGGGGGAGGCCGCGGAGGGGGGCGCCGGGCGCGCGCTCGGGGACGGGGCGCGCAGGGGAGGGGCGCCTGGCCCGCGCGG
